site,season,npp_dry,npp_carbon,npp_nitrogen,growth_rate_dry,growth_rate_carbon,growth_rate_nitrogen,se_npp_dry,se_npp_carbon,se_npp_nitrogen,se_growth_rate_dry,se_growth_rate_carbon,se_growth_rate_nitrogen
ABUR,3-Summer,0.0299024378,0.0084457,6.252707e-4,0.0265634419,0.0252857409,0.0262345967,0.0035286948,0.0011018813,9.75792e-5,0.0024199115,0.0025068921,0.0029805764
ABUR,4-Autumn,0.0188444274,0.0047301713,4.093915e-4,0.0261975568,0.0254392345,0.0247888517,0.0038453705,0.0010404296,9.22701e-5,0.0050009086,0.0051822503,0.0052485354
AQUE,3-Summer,0.0377049182,0.0091320141,3.61309e-4,0.0328845729,0.0297946352,0.0280746019,0.0041380488,0.001182998,5.87853e-5,0.0030917716,0.003196443,0.0036007557
AQUE,4-Autumn,0.017281105,0.0045205191,3.852376e-4,0.0221131209,0.0223008981,0.0295869022,0.0024100997,6.603782e-4,6.38096e-5,0.0031161181,0.0032041264,0.0035826171
MOHK,3-Summer,0.0472585831,0.012947339,7.522485e-4,0.0347916048,0.0364969956,0.0318620642,0.0047332874,0.0013573179,1.11353e-4,0.00264978,0.0027276837,0.0032200585
MOHK,4-Autumn,0.022828354,0.0057421775,3.630016e-4,0.0333798878,0.0320921201,0.0395686369,0.004439223,0.0012091298,7.0987e-5,0.0059335746,0.005928324,0.0063147164
